"Gene","logFC","padj","Significant","Regulation"
"BCL2L1",1.33170655264372,0.128944183377136,FALSE,"None"
"SHC1",0.547028552596116,0.162752986929393,FALSE,"None"
"SLC2A1",1.14677185158281,0.162752986929393,FALSE,"None"
"MAP4K4",1.33965416362306,0.162752986929393,FALSE,"None"
"ITGA5",-0.693785358076594,0.180564982542167,FALSE,"None"
"CD274",0.743132165525914,0.34950421220484,FALSE,"None"
"TAL1",1.10246020495334,0.377556351538526,FALSE,"None"
"GNAS",0.859072684428739,0.377556351538526,FALSE,"None"
"IFIT1",1.06986001549692,0.377556351538526,FALSE,"None"
"NFKB2",-0.516366909971368,0.377556351538526,FALSE,"None"
"PSMB7",0.38152064908472,0.377556351538526,FALSE,"None"
"OAZ1",1.02643710029339,0.441053880732049,FALSE,"None"
"TNFRSF13C",0.739611412879732,0.441053880732049,FALSE,"None"
"DDX50",0.775304597783373,0.441053880732049,FALSE,"None"
"FOS",-1.03224794228215,0.441053880732049,FALSE,"None"
"DOCK9",0.61963059760313,0.441053880732049,FALSE,"None"
"CCR3",0.868660942672211,0.441053880732049,FALSE,"None"
"C4B",-0.812699086325774,0.441053880732049,FALSE,"None"
"PSMC2",0.668485390765149,0.441053880732049,FALSE,"None"
"BIRC2",0.406859833135714,0.441053880732049,FALSE,"None"
"GNLY",1.59119976313751,0.441053880732049,FALSE,"None"
"IL11RA",-0.451537514785118,0.441053880732049,FALSE,"None"
"ZEB1",-0.65473612211432,0.441053880732049,FALSE,"None"
"ALOX15",1.05076766667737,0.441053880732049,FALSE,"None"
"CSF3R",-0.605227698693371,0.441053880732049,FALSE,"None"
"BCL3",-0.551002451452255,0.441053880732049,FALSE,"None"
"IL7R",-0.442944365371757,0.441053880732049,FALSE,"None"
"LEF1",-0.488087717509681,0.441053880732049,FALSE,"None"
"IL18R1",-0.431777040277998,0.441053880732049,FALSE,"None"
"USP9Y",0.700412360703361,0.441053880732049,FALSE,"None"
"UBB",0.744056913596292,0.441053880732049,FALSE,"None"
"CXCR1",-0.657022052419308,0.441053880732049,FALSE,"None"
"IRF7",-0.59434700868997,0.44507181564868,FALSE,"None"
"BTLA",-0.517275613819273,0.44507181564868,FALSE,"None"
"CCR7",-0.601991445570929,0.44507181564868,FALSE,"None"
"IL1RN",-0.560010245646107,0.44507181564868,FALSE,"None"
"IFNG",0.722743479686302,0.44507181564868,FALSE,"None"
"MAPKAPK2",0.432632016704385,0.44507181564868,FALSE,"None"
"SMAD5",-0.599937653660255,0.44507181564868,FALSE,"None"
"RELA",-0.468216673861249,0.44507181564868,FALSE,"None"
"CLEC4A",-0.688616665897261,0.44507181564868,FALSE,"None"
"MAP3K7",0.584272128702139,0.44507181564868,FALSE,"None"
"IL12RB1",0.524513000430648,0.44507181564868,FALSE,"None"
"JUN",-0.507128457971631,0.44507181564868,FALSE,"None"
"IL1R2",-0.742724864337228,0.44507181564868,FALSE,"None"
"CD59",0.375785401359977,0.44507181564868,FALSE,"None"
"CCL5",0.432547833287172,0.44507181564868,FALSE,"None"
"CCL4",-0.368853553791675,0.44507181564868,FALSE,"None"
"TNFSF12",0.584769328701257,0.44507181564868,FALSE,"None"
"ARG2",-0.580752559031529,0.44507181564868,FALSE,"None"
"CMA1",1.27633230113904,0.44507181564868,FALSE,"None"
"IL15",-0.579047929911349,0.44507181564868,FALSE,"None"
"SIGIRR",-0.361793970467756,0.44507181564868,FALSE,"None"
"BCL6",-0.51143269963616,0.44507181564868,FALSE,"None"
"CD9",-0.529372771444265,0.44507181564868,FALSE,"None"
"CD44",0.326180052619081,0.44507181564868,FALSE,"None"
"C5",0.785476023703842,0.44507181564868,FALSE,"None"
"CD81",0.373962806056745,0.44507181564868,FALSE,"None"
"IL1B",-0.600722073895279,0.469284191763488,FALSE,"None"
"TGFBI",-0.334202608933542,0.451670268504619,FALSE,"None"
"CD47",0.292731891516627,0.451670268504619,FALSE,"None"
"LITAF",-0.44608542162559,0.451670268504619,FALSE,"None"
"LTBR",-0.552637625253691,0.484444136754071,FALSE,"None"
"CEACAM8",-0.446428263025226,0.469284191763488,FALSE,"None"
"CXCR2",-0.665696730781153,0.469284191763488,FALSE,"None"
"IRF3",0.228697542737043,0.469284191763488,FALSE,"None"
"CCR4",-0.626484136610614,0.484444136754071,FALSE,"None"
"MX1",0.545244191703313,0.484444136754071,FALSE,"None"
"TLR4",-0.476491061171833,0.484444136754071,FALSE,"None"
"SIRPA",-0.425224953764895,0.484444136754071,FALSE,"None"
"CD14",-0.416720454585887,0.484444136754071,FALSE,"None"
"IL1RAP",-0.448083443378801,0.484444136754071,FALSE,"None"
"TNFRSF14",-0.520693870988339,0.484444136754071,FALSE,"None"
"IL6R",-0.532633641755252,0.484444136754071,FALSE,"None"
"REPS1",-0.239636983588422,0.484444136754071,FALSE,"None"
"ALAS1",-0.364223811941994,0.484444136754071,FALSE,"None"
"IL5RA",0.452154431663539,0.484444136754071,FALSE,"None"
"SOCS1",0.395924581493166,0.484444136754071,FALSE,"None"
"CEBPB",-0.398802802917452,0.484444136754071,FALSE,"None"
"LILRB4",0.389868388139221,0.484444136754071,FALSE,"None"
"HMGB1",0.648488797342894,0.484444136754071,FALSE,"None"
"TLR2",-0.849425227643509,0.484444136754071,FALSE,"None"
"SOCS3",-0.512100117725223,0.484444136754071,FALSE,"None"
"DPP4",-0.312509737274119,0.484444136754071,FALSE,"None"
"PTGIR",0.344545148650583,0.484444136754071,FALSE,"None"
"IL10RB",-0.192467879140011,0.484444136754071,FALSE,"None"
"GBP1",0.55015248031909,0.484444136754071,FALSE,"None"
"PRG2",1.0173942449975,0.484444136754071,FALSE,"None"
"CD163",-0.584160314776162,0.484444136754071,FALSE,"None"
"GZMH",0.65795891537628,0.484444136754071,FALSE,"None"
"MAP2K6",-0.393834226003036,0.484444136754071,FALSE,"None"
"JAK3",-0.429966619048875,0.484444136754071,FALSE,"None"
"KLRD1",0.485734782877257,0.484444136754071,FALSE,"None"
"MCL1",-0.273702940362192,0.484444136754071,FALSE,"None"
"RPS6KA5",0.309076319808781,0.484444136754071,FALSE,"None"
"GZMB",0.505300049207948,0.484444136754071,FALSE,"None"
"ABCF1",0.290477671186563,0.484444136754071,FALSE,"None"
"HSPB1",-0.44016844691432,0.498230752392104,FALSE,"None"
"CD36",-0.451133542407275,0.484444136754071,FALSE,"None"
"TLR1",-0.317158089464344,0.484444136754071,FALSE,"None"
"PRF1",0.517217591014257,0.484444136754071,FALSE,"None"
"NFKBIZ",-0.300728311797406,0.484444136754071,FALSE,"None"
"IRAK2",0.493098521455654,0.503531123249937,FALSE,"None"
"IFNGR1",-0.502719596289438,0.484444136754071,FALSE,"None"
"STAT5B",-0.296668184281495,0.484444136754071,FALSE,"None"
"IRF8",0.365641000834517,0.503531123249937,FALSE,"None"
"IFI44",0.617253782112984,0.504319354665716,FALSE,"None"
"FCGRT",-0.425057125452208,0.484444136754071,FALSE,"None"
"CEACAM6",0.338118934105613,0.500838545901414,FALSE,"None"
"CARD9",-0.417179222463805,0.506599731892723,FALSE,"None"
"MKNK1",0.402351676304827,0.504319354665716,FALSE,"None"
"IFIT3",0.445672852415211,0.484444136754071,FALSE,"None"
"IL28B",0.566682011941952,0.506599731892723,FALSE,"None"
"MAX",0.336563132117314,0.484444136754071,FALSE,"None"
"ZAP70",0.480118013596902,0.516003511007986,FALSE,"None"
"MS4A1",0.43929928211627,0.487659771899509,FALSE,"None"
"MS4A2",1.00163795129664,0.506599731892723,FALSE,"None"
"CX3CR1",0.592911491835308,0.484444136754071,FALSE,"None"
"MAPK8",0.373332469864895,0.516003511007986,FALSE,"None"
"IGF2R",-0.466270471844648,0.484444136754071,FALSE,"None"
"IL12RB2",0.440379095094597,0.516003511007986,FALSE,"None"
"CRADD",-0.394724151760855,0.516003511007986,FALSE,"None"
"RAG1",0.528565870708857,0.516003511007986,FALSE,"None"
"LTB",-0.350053210791732,0.500838545901414,FALSE,"None"
"MMP9",0.570272171466495,0.500838545901414,FALSE,"None"
"GZMA",0.603307601879854,0.504319354665716,FALSE,"None"
"CCR1",-0.415175603390214,0.516003511007986,FALSE,"None"
"MAP4K2",-0.249956510380689,0.506599731892723,FALSE,"None"
"IL1R1",-0.487560854505981,0.516003511007986,FALSE,"None"
"IL8",-0.568092942362339,0.503531123249937,FALSE,"None"
"CXCR3",-0.429546477877628,0.533447185005731,FALSE,"None"
"CD5",-0.368039159168251,0.516003511007986,FALSE,"None"
"CCBP2",0.390610461969883,0.516003511007986,FALSE,"None"
"TBX21",0.45301745562988,0.506599731892723,FALSE,"None"
"GZMK",0.239867882516817,0.504319354665716,FALSE,"None"
"TYROBP",-0.233087457085116,0.516003511007986,FALSE,"None"
"ATG5",0.244946038524269,0.516003511007986,FALSE,"None"
"LY96",-0.321720140374471,0.516003511007986,FALSE,"None"
"PTGFR",0.390505696877715,0.532705803458711,FALSE,"None"
"IL13RA1",-0.342625452728703,0.516003511007986,FALSE,"None"
"PRKCA",0.282408842220896,0.537384681935152,FALSE,"None"
"PLA2G4A",0.296614871646971,0.537384681935152,FALSE,"None"
"PSMD7",0.266975932659582,0.516003511007986,FALSE,"None"
"TRAF4",-0.378398587827739,0.55406752478862,FALSE,"None"
"TFRC",0.883020221235035,0.516003511007986,FALSE,"None"
"CD79B",0.483059610232265,0.55406752478862,FALSE,"None"
"MYL2",0.436164766956222,0.55406752478862,FALSE,"None"
"IL6ST",-0.21231068847613,0.516003511007986,FALSE,"None"
"CXCL3",-0.329569487736673,0.548927874738324,FALSE,"None"
"CLEC6A",0.41511320962321,0.548927874738324,FALSE,"None"
"TNFRSF17",0.27454982178249,0.55406752478862,FALSE,"None"
"MYC",-0.257177002399573,0.537384681935152,FALSE,"None"
"LILRA4",-0.314756343647594,0.560982040512733,FALSE,"None"
"ATG7",-0.329243964786501,0.56463405432431,FALSE,"None"
"RAF1",-0.188485701794431,0.539731861626872,FALSE,"None"
"SKI",-0.271857321261302,0.560982040512733,FALSE,"None"
"CUL9",-0.347290426036287,0.578569711581312,FALSE,"None"
"ENTPD1",-0.276566060218817,0.567107387508221,FALSE,"None"
"FASLG",0.421318674836818,0.578569711581312,FALSE,"None"
"FCGR1A",-0.412136079218024,0.539731861626872,FALSE,"None"
"CCL2",0.510648562740228,0.568042042606786,FALSE,"None"
"IKZF3",0.243891390282093,0.537384681935152,FALSE,"None"
"TNFSF8",-0.320390133158609,0.56463405432431,FALSE,"None"
"SMAD7",-0.341462129777076,0.589805751924287,FALSE,"None"
"NCF4",-0.525375232941629,0.539731861626872,FALSE,"None"
"PPBP",-0.298857207618324,0.615510764111377,FALSE,"None"
"MAPK3",-0.187147462945696,0.55406752478862,FALSE,"None"
"TLR8",-0.272528466772878,0.55608948911461,FALSE,"None"
"IL33",0.277492896383034,0.579756213508194,FALSE,"None"
"PPP1R12B",-0.290247625417733,0.608508027873343,FALSE,"None"
"C3AR1",0.578227910367293,0.608508027873343,FALSE,"None"
"NFKBIA",-0.227908786061581,0.55406752478862,FALSE,"None"
"CD1D",0.279823753873575,0.599042644786059,FALSE,"None"
"GRB2",0.144132130883245,0.555084013591309,FALSE,"None"
"HLA-C",-0.270310038031051,0.599466260563295,FALSE,"None"
"KIR2DL4",0.308620794433531,0.599042644786059,FALSE,"None"
"MAF",0.255824541185344,0.608508027873343,FALSE,"None"
"CFD",-0.238618137533216,0.55406752478862,FALSE,"None"
"PECAM1",-0.23487174219165,0.560982040512733,FALSE,"None"
"GATA3",-0.277182534099476,0.61013374195677,FALSE,"None"
"TRADD",-0.361604922930084,0.630003636962565,FALSE,"None"
"CLEC7A",-0.337650613661078,0.560982040512733,FALSE,"None"
"PTGS2",-0.440388087260319,0.571677398059949,FALSE,"None"
"PRKCD",-0.219471876951467,0.578569711581312,FALSE,"None"
"HRAS",0.288980974404214,0.623153430612129,FALSE,"None"
"PDCD1",0.337541870245984,0.623107309041391,FALSE,"None"
"CCRL2",-0.439980943117987,0.578569711581312,FALSE,"None"
"ICAM2",-0.15764864624798,0.560982040512733,FALSE,"None"
"CSF1",-0.29186359941651,0.640197519374446,FALSE,"None"
"CHUK",0.217114706532557,0.635119769136331,FALSE,"None"
"CFI",0.407498175518008,0.638946216507187,FALSE,"None"
"NOD1",-0.269497958381691,0.647800720837108,FALSE,"None"
"CTSS",-0.198817693064687,0.593680905648597,FALSE,"None"
"HMGB2",0.23940327671361,0.59011434992531,FALSE,"None"
"TNFRSF11A",-0.206413096753604,0.631169077553368,FALSE,"None"
"DAXX",-0.266943711016978,0.644843863550484,FALSE,"None"
"CAMP",0.609843242858802,0.593680905648597,FALSE,"None"
"JAK2",0.18307108697973,0.578569711581312,FALSE,"None"
"IL18",-0.290431232826235,0.664305196252338,FALSE,"None"
"DDIT3",-0.265400661200124,0.666916466400659,FALSE,"None"
"CMKLR1",-0.379389356858033,0.664305196252338,FALSE,"None"
"OXER1",0.157107358426828,0.635119769136331,FALSE,"None"
"MAFG",-0.313357136053171,0.640197519374446,FALSE,"None"
"DDX58",-0.219133590666689,0.647876799325849,FALSE,"None"
"HLA-DQA1",0.298051070628444,0.599042644786059,FALSE,"None"
"MX2",0.233151868848571,0.608508027873343,FALSE,"None"
"CYSLTR2",0.202482339352001,0.644843863550484,FALSE,"None"
"PTAFR",-0.261547276435556,0.615994353137169,FALSE,"None"
"CD164",0.178285506094216,0.599466260563295,FALSE,"None"
"OAS1",-0.201318016235639,0.622697012101716,FALSE,"None"
"FCER1A",1.03190943261764,0.638946216507187,FALSE,"None"
"TMEM173",-0.187287100676168,0.668777628851743,FALSE,"None"
"TOLLIP",-0.379287441677184,0.668777628851743,FALSE,"None"
"TNFSF10",0.324070745804297,0.668777628851743,FALSE,"None"
"IL9",-0.353859274743542,0.669868987490038,FALSE,"None"
"IL17RA",-0.220515471359734,0.615994353137169,FALSE,"None"
"HAVCR2",0.310522620784932,0.663284711225921,FALSE,"None"
"HLA-DOB",-0.347055198655315,0.669868987490038,FALSE,"None"
"TLR5",-0.355636068409349,0.640197519374446,FALSE,"None"
"RHOA",0.176496921022091,0.608508027873343,FALSE,"None"
"CD28",-0.204845916006453,0.631750585572471,FALSE,"None"
"ITGA4",0.24581243224044,0.623107309041391,FALSE,"None"
"PDGFB",-0.43666688069525,0.669868987490038,FALSE,"None"
"MEF2C",0.226250564074255,0.668777628851743,FALSE,"None"
"B2M",-0.155072596398098,0.691717172098133,FALSE,"None"
"KCNJ2",-0.31134229831447,0.630003636962565,FALSE,"None"
"CIITA",-0.347854027598117,0.666916466400659,FALSE,"None"
"KLRF1",0.407876617018953,0.630003636962565,FALSE,"None"
"IFNAR2",-0.247394923662414,0.668777628851743,FALSE,"None"
"C9",-0.433361137462665,0.682294166011899,FALSE,"None"
"ATG10",-0.275557531431946,0.668777628851743,FALSE,"None"
"TCF7",-0.414424484769444,0.67753347072204,FALSE,"None"
"CXCL13",0.247468186734479,0.668777628851743,FALSE,"None"
"BCL10",-0.384181054578625,0.668777628851743,FALSE,"None"
"SMAD3",-0.263182202208381,0.668777628851743,FALSE,"None"
"LAG3",0.318737890425347,0.67753347072204,FALSE,"None"
"CTLA4",-0.402158873781283,0.685247103590826,FALSE,"None"
"CASP10",0.201138533516565,0.644843863550484,FALSE,"None"
"OASL",0.207092675102559,0.669868987490038,FALSE,"None"
"F13A1",-0.381206398642577,0.635119769136331,FALSE,"None"
"IL4R",-0.198233387754367,0.68831906366794,FALSE,"None"
"NUP107",0.212270020209719,0.696062714655416,FALSE,"None"
"PTGS1",-0.212164553885007,0.67753347072204,FALSE,"None"
"IL29",0.392661966489106,0.696946725239044,FALSE,"None"
"KIR3DL2",0.296615356625054,0.696946725239044,FALSE,"None"
"LAIR1",0.252329867003903,0.638946216507187,FALSE,"None"
"TSLP",0.206466054747418,0.669868987490038,FALSE,"None"
"IFIT2",0.173662922556062,0.668777628851743,FALSE,"None"
"CYBB",0.23728852580564,0.638946216507187,FALSE,"None"
"PLAUR",0.347136983057068,0.691718541649957,FALSE,"None"
"TLR6",-0.242701513948061,0.647006501982162,FALSE,"None"
"LTF",0.960635894492028,0.685247103590826,FALSE,"None"
"IFITM1",-0.156529106408922,0.669868987490038,FALSE,"None"
"TNFSF13",-0.195790953551439,0.684283460246071,FALSE,"None"
"THBS1",-0.360691406640067,0.644843863550484,FALSE,"None"
"SLAMF1",-0.223677383167289,0.669868987490038,FALSE,"None"
"FCAR",-0.338573473790586,0.669868987490038,FALSE,"None"
"CFL1",0.198583175436857,0.665023767313375,FALSE,"None"
"MAPK14",0.252391355313662,0.706405376196128,FALSE,"None"
"APP",0.189199587036097,0.668777628851743,FALSE,"None"
"NOTCH1",-0.240785140369405,0.67753347072204,FALSE,"None"
"TCF4",0.240583493370575,0.68910767151663,FALSE,"None"
"MEF2A",0.229764529951874,0.723130247357492,FALSE,"None"
"TNFAIP3",0.171501459532264,0.669868987490038,FALSE,"None"
"CD40",-0.274993282721695,0.746394373239589,FALSE,"None"
"ILF3",-0.16080987591678,0.668777628851743,FALSE,"None"
"STAT4",0.285318461124795,0.668777628851743,FALSE,"None"
"TNFSF14",0.240928538249006,0.752697346580977,FALSE,"None"
"CLEC4E",-0.293288313046601,0.669868987490038,FALSE,"None"
"STAT6",0.190497450920342,0.668777628851743,FALSE,"None"
"ITGB2",0.208108079027456,0.668777628851743,FALSE,"None"
"HIF1A",0.164438938831294,0.669868987490038,FALSE,"None"
"CCR6",-0.27133458131548,0.752697346580977,FALSE,"None"
"C4BPA",-0.772080374406082,0.696062714655416,FALSE,"None"
"BATF",-0.189646047513031,0.723130247357492,FALSE,"None"
"TBP",0.238099255642982,0.720915222012767,FALSE,"None"
"BTK",-0.255598131322908,0.746394373239589,FALSE,"None"
"MALT1",-0.170806977817183,0.668777628851743,FALSE,"None"
"IDO2",-0.349625827650453,0.758729085796538,FALSE,"None"
"IKBKB",-0.267370113308521,0.669868987490038,FALSE,"None"
"CSF2RB",-0.333278951670934,0.669868987490038,FALSE,"None"
"CD19",0.280066288309732,0.669868987490038,FALSE,"None"
"TNF",0.161053143014727,0.720915222012767,FALSE,"None"
"GNAQ",0.220165552056978,0.668777628851743,FALSE,"None"
"IKBKG",0.200268540437417,0.746394373239589,FALSE,"None"
"OAS2",0.215898749321358,0.669868987490038,FALSE,"None"
"ITGAL",0.2165728341148,0.668777628851743,FALSE,"None"
"C1QB",0.229672191769181,0.762164757711238,FALSE,"None"
"ITGB1",0.153288577905302,0.668777628851743,FALSE,"None"
"LILRA5",-0.210626092574753,0.746394373239589,FALSE,"None"
"IFNAR1",0.205138197264445,0.719534997320751,FALSE,"None"
"IKBKE",-0.169017941483863,0.746394373239589,FALSE,"None"
"IFNGR2",-0.342452633669611,0.669868987490038,FALSE,"None"
"LIMK1",0.138863432422549,0.730488682985866,FALSE,"None"
"SLAMF7",0.294817775850651,0.669868987490038,FALSE,"None"
"MEF2D",0.126577189233839,0.730488682985866,FALSE,"None"
"BID",-0.112857223700233,0.670263837192297,FALSE,"None"
"GPI",0.194509903925962,0.669868987490038,FALSE,"None"
"TNFRSF1B",-0.127488838915083,0.677892450996391,FALSE,"None"
"ALOX5",0.239590087743419,0.78580749528668,FALSE,"None"
"ELK1",0.182009248045841,0.768968041006924,FALSE,"None"
"LILRA1",0.177570084103726,0.78580749528668,FALSE,"None"
"CD40LG",-0.184623471069667,0.720915222012767,FALSE,"None"
"SMPD3",0.181237734203757,0.746394373239589,FALSE,"None"
"KLRB1",0.355354670404769,0.78580749528668,FALSE,"None"
"GNB1",-0.114230791836171,0.670263837192297,FALSE,"None"
"CD3EAP",0.207194715250587,0.754871413167867,FALSE,"None"
"IL23A",-0.173327408232031,0.760083703788739,FALSE,"None"
"CXCL6",-0.169452884722375,0.768968041006924,FALSE,"None"
"LILRA3",-0.288339317997522,0.720915222012767,FALSE,"None"
"TP53",-0.143921767616918,0.78580749528668,FALSE,"None"
"KIR3DS1",0.222025145025399,0.805782579279474,FALSE,"None"
"CXCR4",-0.193030381884899,0.672827236344571,FALSE,"None"
"PPIA",0.116193817784341,0.743474741345985,FALSE,"None"
"PTPN22",0.238223434836366,0.71493925883114,FALSE,"None"
"BCL2",-0.209509179839038,0.703627740759916,FALSE,"None"
"CD276",0.236685581269414,0.768968041006924,FALSE,"None"
"MAPK1",0.117363573175355,0.673918850270208,FALSE,"None"
"DEFA1",0.765026225625007,0.768968041006924,FALSE,"None"
"HLA-DRB1",-0.166845000012392,0.696325047785589,FALSE,"None"
"CCR5",0.17081596597748,0.720915222012767,FALSE,"None"
"ICOS",-0.149736382747395,0.773368032534219,FALSE,"None"
"IL1RL1",0.124189491283712,0.768968041006924,FALSE,"None"
"CEACAM1",-0.158731678171899,0.807702739223875,FALSE,"None"
"TRAF5",-0.123739321189746,0.780252143079543,FALSE,"None"
"CXCL10",0.195516235183233,0.768968041006924,FALSE,"None"
"CREB1",0.137202361967571,0.68910767151663,FALSE,"None"
"HFE",0.240812898086068,0.768968041006924,FALSE,"None"
"CFP",-0.128799983997988,0.682294166011899,FALSE,"None"
"HLA-DQB1",-0.202131932942274,0.746394373239589,FALSE,"None"
"TLR3",0.160040547785349,0.768968041006924,FALSE,"None"
"NFATC1",-0.110013675583395,0.746394373239589,FALSE,"None"
"IFI16",-0.120944292657883,0.68910767151663,FALSE,"None"
"TGFB2",-0.193678318308797,0.82747882028616,FALSE,"None"
"FCGR2A",-0.326450955642652,0.685247103590826,FALSE,"None"
"KLRC2",0.297816591635693,0.720915222012767,FALSE,"None"
"CD82",-0.162098151040008,0.723130247357492,FALSE,"None"
"RELB",0.140447606746432,0.78580749528668,FALSE,"None"
"UBE2L3",-0.249995709306646,0.68910767151663,FALSE,"None"
"CCR8",-0.21551072536994,0.824781866092427,FALSE,"None"
"TGFBR1",-0.116469061348159,0.706628164009773,FALSE,"None"
"RIPK2",0.141075716129077,0.861433591430736,FALSE,"None"
"TRAF3",-0.120750859666914,0.812509860400453,FALSE,"None"
"CD99",-0.15190613598652,0.720915222012767,FALSE,"None"
"CD46",0.109043020193949,0.696946725239044,FALSE,"None"
"IL18RAP",0.18735793092501,0.873033596499542,FALSE,"None"
"GTF3C1",0.120329096016375,0.873033596499542,FALSE,"None"
"FAS",0.145131009303913,0.720915222012767,FALSE,"None"
"HSH2D",-0.156369016279129,0.873033596499542,FALSE,"None"
"AHR",-0.130748654564526,0.78580749528668,FALSE,"None"
"EOMES",0.106696456007567,0.807047041001887,FALSE,"None"
"CYSLTR1",-0.116185340861575,0.874270163928763,FALSE,"None"
"SRC",-0.167412380882525,0.874270163928763,FALSE,"None"
"CD24",0.271548121025535,0.78580749528668,FALSE,"None"
"EGR1",-0.149284572880964,0.874270163928763,FALSE,"None"
"TIRAP",-0.120784945002669,0.87987544827984,FALSE,"None"
"IL2RB",0.135286532859475,0.723130247357492,FALSE,"None"
"CD1A",0.13537235343421,0.884268152519106,FALSE,"None"
"IFI35",0.114993080964719,0.875957670348557,FALSE,"None"
"HLA-DMA",-0.143216521793349,0.727604336093441,FALSE,"None"
"ITGAX",-0.153268671511705,0.80696451525912,FALSE,"None"
"LILRA6",-0.135682196728017,0.818505081021956,FALSE,"None"
"ITGAM",0.185597160380645,0.746394373239589,FALSE,"None"
"ITGA6",-0.163062117011175,0.809207306580151,FALSE,"None"
"IL21R",0.101805889275852,0.911031448762627,FALSE,"None"
"TARP",0.252879530667308,0.720915222012767,FALSE,"None"
"PML",-0.0959293301874338,0.87987544827984,FALSE,"None"
"APOE",-0.135661997618204,0.921245223692161,FALSE,"None"
"IKZF2",0.172022896166723,0.807702739223875,FALSE,"None"
"CD55",0.318849988414025,0.805782579279474,FALSE,"None"
"PTGER3",-0.104854412629775,0.911031448762627,FALSE,"None"
"CD8B",0.143887938232446,0.754871413167867,FALSE,"None"
"IL4",-0.133287644399974,0.877063344776902,FALSE,"None"
"ICAM4",0.243775128966833,0.746394373239589,FALSE,"None"
"XCL1",0.0675233548528897,0.957253568616288,FALSE,"None"
"TAP2",-0.115291158991488,0.78580749528668,FALSE,"None"
"POU2F2",0.075631632790337,0.957253568616288,FALSE,"None"
"TICAM1",0.125782568360871,0.836565125856153,FALSE,"None"
"XBP1",0.18566515656445,0.749740912583876,FALSE,"None"
"RUNX1",0.11861522794926,0.773371464205401,FALSE,"None"
"GZMM",-0.0695293702766611,0.957253568616288,FALSE,"None"
"GUSB",-0.0469960999776466,0.96423054985265,FALSE,"None"
"CX3CL1",0.0907172711956221,0.836565125856153,FALSE,"None"
"TNFSF13B",0.13043985345766,0.776433877787599,FALSE,"None"
"HPRT1",-0.125762319520645,0.78580749528668,FALSE,"None"
"NLRP3",-0.114305446201512,0.874270163928763,FALSE,"None"
"IRF5",0.0621994435890514,0.874270163928763,FALSE,"None"
"IRAK1",-0.095817956808486,0.87987544827984,FALSE,"None"
"ABCB1",-0.0899840694654754,0.874270163928763,FALSE,"None"
"FCGR3",0.189505741201532,0.771845638904212,FALSE,"None"
"G6PD",0.139391405390171,0.78580749528668,FALSE,"None"
"GFI1",0.0301072464185097,0.973383381343823,FALSE,"None"
"PSMB8",0.116432376251788,0.746394373239589,FALSE,"None"
"TRAF6",0.014057383839007,0.97572332261075,FALSE,"None"
"FPR2",-0.0631878277523032,0.973383381343823,FALSE,"None"
"LILRB3",-0.0390685090674259,0.973383381343823,FALSE,"None"
"PDCD2",0.02178267710865,0.974610563903012,FALSE,"None"
"KLRC1",0.104730988884454,0.861433591430736,FALSE,"None"
"CR1",-0.0258779305624337,0.974610563903012,FALSE,"None"
"BLNK",0.00438750534038679,0.99503528869947,FALSE,"None"
"TRIM39",0.035204930567267,0.973383381343823,FALSE,"None"
"MAP2K1",-0.0659473043114955,0.876958829161765,FALSE,"None"
"CISH",0.086872273642836,0.895534143898177,FALSE,"None"
"KLRC3",0.204027754059077,0.78580749528668,FALSE,"None"
"CD38",0.119588524338803,0.780252143079543,FALSE,"None"
"TIGIT",0.158138297781507,0.824781866092427,FALSE,"None"
"LILRB5",-0.125589606919809,0.87987544827984,FALSE,"None"
"HLA-DRA",-0.0756916136922836,0.851191047345366,FALSE,"None"
"TRAF1",-0.0137019075191622,0.978822172643838,FALSE,"None"
"TNFSF11",0.154496193581064,0.873033596499542,FALSE,"None"
"CSF1R",-0.141847940830686,0.78580749528668,FALSE,"None"
"ADA",0.0414718692236855,0.973383381343823,FALSE,"None"
"CD22",0.0539277162436678,0.973383381343823,FALSE,"None"
"PTPN6",-0.105185689921999,0.78580749528668,FALSE,"None"
"C5aR1",-0.16886068142955,0.821669229016155,FALSE,"None"
"IRF4",-0.108842362661659,0.812509860400453,FALSE,"None"
"CD69",0.0258773057398365,0.973383381343823,FALSE,"None"
"C4A",0.0656034137424601,0.942427519885152,FALSE,"None"
"NCR1",-0.019501777365992,0.97572332261075,FALSE,"None"
"CD53",-0.105927555902271,0.753942578287053,FALSE,"None"
"PSMB10",0.144484109215091,0.78580749528668,FALSE,"None"
"SELL",-0.133819436131638,0.809207306580151,FALSE,"None"
"CD97",0.175623598362121,0.763357525619097,FALSE,"None"
"HLA-DMB",-0.134497602365346,0.78580749528668,FALSE,"None"
"LILRB2",-0.105376407610499,0.874270163928763,FALSE,"None"
"LTB4R",-0.0748357388421814,0.920258853993646,FALSE,"None"
"IRAK3",-0.217555656703663,0.768968041006924,FALSE,"None"
"PAX5",0.115211986578904,0.888142018629772,FALSE,"None"
"CD58",-0.0988202931251063,0.760620880567194,FALSE,"None"
"CD1C",0.13914907819748,0.78580749528668,FALSE,"None"
"TYK2",-0.108356025868746,0.780606673915295,FALSE,"None"
"THY1",0.00530614736844548,0.994731155731116,FALSE,"None"
"IFIH1",0.110245069974288,0.807702739223875,FALSE,"None"
"ITLN1",0.0242652277349942,0.973383381343823,FALSE,"None"
"TRAF2",-0.0221786895480207,0.973383381343823,FALSE,"None"
"MAFF",0.0506500091421778,0.973383381343823,FALSE,"None"
"KEAP1",0.058774005798603,0.87987544827984,FALSE,"None"
"KLRG1",0.184209773660769,0.807702739223875,FALSE,"None"
"SLAMF6",0.111437704898275,0.873033596499542,FALSE,"None"
"CXCR6",0.0448230335850353,0.965879149474776,FALSE,"None"
"S100A8",0.36260797230006,0.78580749528668,FALSE,"None"
"FCER1G",-0.133504604295196,0.782935684366664,FALSE,"None"
"OAS3",0.0603126794529079,0.957253568616288,FALSE,"None"
"LGALS3",0.112925994319379,0.768968041006924,FALSE,"None"
"LILRA2",-0.343598162442008,0.780252143079543,FALSE,"None"
"MBP",0.0259195694783276,0.973383381343823,FALSE,"None"
"LILRB1",0.0758212707910513,0.920258853993646,FALSE,"None"
"PSMB5",-0.0883430627449062,0.873033596499542,FALSE,"None"
"CD83",0.0189707749759087,0.974610563903012,FALSE,"None"
"RNASEL",0.0230097392591935,0.973383381343823,FALSE,"None"
"BLK",0.0532925930805312,0.957253568616288,FALSE,"None"
"BST2",-0.107098698098505,0.804804796092367,FALSE,"None"
"ARHGDIB",0.0914335695348907,0.809207306580151,FALSE,"None"
"CD86",0.0235416698422144,0.973383381343823,FALSE,"None"
"HLA-B",-0.114653471287776,0.848786492943503,FALSE,"None"
"EGR2",0.0653595552783477,0.957253568616288,FALSE,"None"
"CD80",-3.87886403956372e-05,0.999856713791998,FALSE,"None"
"CXCL5",0.043924040012512,0.973383381343823,FALSE,"None"
"EIF2AK2",0.0392609912807051,0.968699930901454,FALSE,"None"
"FCGR2B",-0.0599210146768749,0.957253568616288,FALSE,"None"
"AGER",-0.0577410446110571,0.933682818235657,FALSE,"None"
"S100A9",0.0906019662938355,0.965879149474776,FALSE,"None"
"NFATC2",0.0738263175189822,0.877054111828123,FALSE,"None"
"FKBP5",-0.138444052975059,0.78580749528668,FALSE,"None"
"CD207",-0.059859619191327,0.953454570282603,FALSE,"None"
"IDO1",-0.148928227878518,0.775555313668461,FALSE,"None"
"GPR183",0.129695887714448,0.78580749528668,FALSE,"None"
"HDAC3",0.0821231620271252,0.807702739223875,FALSE,"None"
"ATG16L1",-0.0137519830273929,0.978822172643838,FALSE,"None"
"PLCB1",-0.0197587291019206,0.973383381343823,FALSE,"None"
"TBK1",-0.063237043769421,0.883082136093507,FALSE,"None"
"SH2D1A",0.151539118628786,0.807702739223875,FALSE,"None"
"FADD",-0.000903991888218769,0.997973602886892,FALSE,"None"
"TBXA2R",0.0515665498351812,0.957253568616288,FALSE,"None"
"ROCK2",-0.0270979830588294,0.973383381343823,FALSE,"None"
"NFIL3",-0.0739868470654317,0.89045680906444,FALSE,"None"
"PTGDR2",0.0428314066333204,0.957253568616288,FALSE,"None"
"PTGER2",-0.0196713915662885,0.974610563903012,FALSE,"None"
"FLT3LG",-0.108854075248752,0.78580749528668,FALSE,"None"
"PDGFA",-0.02657359725377,0.973383381343823,FALSE,"None"
"ALOX12",-0.0304386030078172,0.973383381343823,FALSE,"None"
"TNFRSF9",0.0206279294535223,0.973383381343823,FALSE,"None"
"ERCC3",0.051969724291336,0.907193522875027,FALSE,"None"
"NT5E",0.0334745575275841,0.968699930901454,FALSE,"None"
"FN1",0.164164009568362,0.80696451525912,FALSE,"None"
"ETS1",0.107843657569148,0.791882107274658,FALSE,"None"
"XCR1",-0.0048731927445278,0.993230790497228,FALSE,"None"
"FEZ1",-0.0048297576359424,0.994731155731116,FALSE,"None"
"RAPGEF2",0.0124657782138211,0.973383381343823,FALSE,"None"
"PYCARD",0.0965092592558356,0.807702739223875,FALSE,"None"
"IKBKAP",-0.116611405538062,0.846751489942511,FALSE,"None"
"CDKN1A",-0.000966623149706969,0.997973602886892,FALSE,"None"
"CASP8",-0.0856017108411908,0.78580749528668,FALSE,"None"
"CD244",0.0641968127517405,0.973383381343823,FALSE,"None"
"HDAC4",-0.0127392185957156,0.97572332261075,FALSE,"None"
"FYN",-0.10573663726262,0.787803727004654,FALSE,"None"
"CASP1",0.0843245371289569,0.805782579279474,FALSE,"None"
"STAT5A",-0.0736446738810272,0.824781866092427,FALSE,"None"
"CD74",-0.0196877253974819,0.973383381343823,FALSE,"None"
"CTSC",0.0483073718280709,0.957253568616288,FALSE,"None"
"ICAM1",0.031574117558427,0.973383381343823,FALSE,"None"
"RIPK1",0.016511494844373,0.973383381343823,FALSE,"None"
"MAP4K1",0.0982080604125546,0.848423022458652,FALSE,"None"
"MAPKAPK5",0.0326692398253723,0.965879149474776,FALSE,"None"
"SELPLG",-0.0776974540800168,0.842574606971743,FALSE,"None"
"ANP32B",0.0976179629723486,0.807702739223875,FALSE,"None"
"IL7",0.0359952454844485,0.973383381343823,FALSE,"None"
"CCR2",0.0354832686617215,0.973383381343823,FALSE,"None"
"IKZF1",0.0751262770060759,0.80696451525912,FALSE,"None"
"SYK",-0.0792651121570493,0.851639060991091,FALSE,"None"
"KLRK1",0.109964492074242,0.807702739223875,FALSE,"None"
"AKT3",0.0727136586076877,0.957253568616288,FALSE,"None"
"STAT2",0.0524022984924182,0.968699930901454,FALSE,"None"
"MME",-0.134720855961344,0.911031448762627,FALSE,"None"
"PSMB9",-0.101704622374209,0.807702739223875,FALSE,"None"
"CASP2",-0.0381979666411008,0.957253568616288,FALSE,"None"
"LCP2",-0.0703505626507361,0.809207306580151,FALSE,"None"
"NR3C1",-0.0793267569935843,0.851191047345366,FALSE,"None"
"MYD88",0.0754685942355593,0.874270163928763,FALSE,"None"
"PRKCB",0.0647040349525749,0.809207306580151,FALSE,"None"
"C10orf54",0.0841365822726701,0.812509860400453,FALSE,"None"
"CDC42",-0.0529489018429423,0.957253568616288,FALSE,"None"
"CLU",0.0972402648469011,0.87987544827984,FALSE,"None"
"CD8A",0.105970769116986,0.874270163928763,FALSE,"None"
"ATF2",-0.0723655406105994,0.874270163928763,FALSE,"None"
"EWSR1",-0.0608482421470029,0.828282410651938,FALSE,"None"
"IRAK4",0.0421770289772461,0.957253568616288,FALSE,"None"
"TGFB1",0.0908094967883191,0.836198518796025,FALSE,"None"
"POLR2A",-0.0533402201079536,0.874270163928763,FALSE,"None"
"LCK",0.0902256890516266,0.873033596499542,FALSE,"None"
"PTPRC",0.0255246799738451,0.973383381343823,FALSE,"None"
"NOD2",-0.0467777200933899,0.952206311056722,FALSE,"None"
"BCL2L11",0.0208355881742817,0.973383381343823,FALSE,"None"
"CD27",-0.0388552436410148,0.957253568616288,FALSE,"None"
"ATG12",0.0567121299609887,0.87987544827984,FALSE,"None"
"RAC1",-0.0596153446121335,0.874270163928763,FALSE,"None"
"NFKB1",-0.0442252482914203,0.922429388299652,FALSE,"None"
"CD2",0.0331169771175963,0.973383381343823,FALSE,"None"
"CTNNB1",-0.0282836285596852,0.957253568616288,FALSE,"None"
"BAX",-0.0539674185664296,0.874270163928763,FALSE,"None"
"CD7",0.0963744717607593,0.874270163928763,FALSE,"None"
"SDHA",-0.0199970731134007,0.973383381343823,FALSE,"None"
"NFATC3",0.069451495418015,0.874270163928763,FALSE,"None"
"CD3G",0.115720041052418,0.874270163928763,FALSE,"None"
"ATM",-0.0517096446957694,0.911031448762627,FALSE,"None"
"SMAD2",0.0463117098020263,0.920258853993646,FALSE,"None"
"BCAP31",-0.0299830073138541,0.957253568616288,FALSE,"None"
"CD79A",0.0277036804264643,0.973383381343823,FALSE,"None"
"MAP3K5",0.00484605801425886,0.9876807033301,FALSE,"None"
"CD68",-0.0190321085440779,0.973383381343823,FALSE,"None"
"CD48",-0.0423967787760446,0.957253568616288,FALSE,"None"
"MAP2K4",0.0852507724571652,0.89045680906444,FALSE,"None"
"PRDM1",0.0404147596833546,0.957253568616288,FALSE,"None"
"C1QBP",0.0330568175689709,0.957253568616288,FALSE,"None"
"PTPN2",-0.014041441943883,0.973383381343823,FALSE,"None"
"CD96",0.0563861045089524,0.956655205053988,FALSE,"None"
"ICAM3",0.0135036432224194,0.973383381343823,FALSE,"None"
"CD247",-0.0285929462145376,0.965879149474776,FALSE,"None"
"CD3D",0.0854248186804334,0.927031698150178,FALSE,"None"
"ISG20",0.0156859813891419,0.973383381343823,FALSE,"None"
"RARRES3",0.0423018050134409,0.957253568616288,FALSE,"None"
"MIF",0.0179959583121398,0.973383381343823,FALSE,"None"
"MAP3K1",0.024093447823077,0.973383381343823,FALSE,"None"
"IL2RG",0.0577608722391769,0.956655205053988,FALSE,"None"
"CD3E",0.0069726078364365,0.987897204067694,FALSE,"None"
"C14orf166",0.0359724934137766,0.949373748478664,FALSE,"None"
"EIF2A",0.0233927101618878,0.973383381343823,FALSE,"None"
"PTGER4",0.0053614587531694,0.987897204067694,FALSE,"None"
"IL16",0.0361600185370534,0.957253568616288,FALSE,"None"
"CD6",-0.0351647547108662,0.968699930901454,FALSE,"None"
"GP1BB",-0.0354528721584035,0.973383381343823,FALSE,"None"
"HLA-DPB1",-0.0479002714942833,0.957253568616288,FALSE,"None"
"TAPBP",0.0430041094657607,0.957253568616288,FALSE,"None"
"NOTCH2",-0.0139045531068902,0.973383381343823,FALSE,"None"
"TAP1",-0.0166285763594676,0.973383381343823,FALSE,"None"
"IL10RA",-0.00892154448706606,0.973383381343823,FALSE,"None"
"IRF1",-0.0300007570478105,0.957253568616288,FALSE,"None"
"S1PR1",0.0243136167260705,0.973383381343823,FALSE,"None"
"CASP3",-0.0486078035073145,0.96423054985265,FALSE,"None"
"TAGAP",0.0294525302466475,0.965879149474776,FALSE,"None"
"TGFBR2",-0.000916119834039719,0.997759754253466,FALSE,"None"
"STAT3",0.0223677470548775,0.973383381343823,FALSE,"None"
"TUBB",-0.0223108438105246,0.973383381343823,FALSE,"None"
"PTK2",-0.0200142441020432,0.973383381343823,FALSE,"None"
"NFE2L2",-0.0391464382511764,0.973383381343823,FALSE,"None"
"HLA-DPA1",-0.0301313632638252,0.973383381343823,FALSE,"None"
"JAK1",0.0246336413926027,0.973383381343823,FALSE,"None"
"CCND3",0.0163490514465945,0.973383381343823,FALSE,"None"
"STAT1",-0.0178739784664668,0.973383381343823,FALSE,"None"
"ITGA2B",0.0259921182435825,0.973383381343823,FALSE,"None"
"HLA-A",-0.0221018508507349,0.988012845214291,FALSE,"None"
